id,Internal ID,sku,Display Name,Product Line,NSV1 ID,External ID,Delivery Lead Time,Launch Date,Brand,Platform,Line,Product Category,Product,Type,Item Fabric Type,Detailed Description,Unit Price,Display in Web Site,Department Name,Department Number,Piping,Paneling,Piping & Paneling - OLD/INACTIVE,URL FOR IMAGE,Fabric,Sorting Item,Fabric Category,Fabric Color,Warehouse Inventory,Product Class,Fill Type,Sactional Size,Stealth Tech Kit Category,POS SIZE VARIANT
39214,39214,AL4103,Sac Shrink Kit: Supersac,1002 - Sac Accessories,- None -,AL4103,2-4 Weeks,6/24/2019,Sac,Indoor,Sac Accessories,Sac Shrink Kits,Supersac,Quickship,No Fabric,- None -,65,T,Sac Accessories,1002,- None -,- None -,- None -,https://4979720.app.netsuite.com/core/media/media.nl?id=18157984&c=4979720&h=bpNNlZsrCihDWZuyh0v5sh030Ab0jVugCJfP4BR1COFqueao,- None -,No Fabric,- None -,AL4103,999,Merchandise,- None -,- None -,- None -,- None -
63985,63985,CB0339,BigOne Cover: Pine Quilted Velvet,1001 - Sac Covers,- None -,CB0339,6-8 Weeks,8/7/2023,Sac,Indoor,Cover,Sacs,BigOne,Quickship,Pine Quilted Velvet,BigOne Cover: Pine Quilted Velvet,400,T,Sac Covers,1001,- None -,- None -,- None -,https://4979720.app.netsuite.com/c.4979720/Images/CU6880_media_1.jpg,Velvet,Velvet,Velvet,Pine,999,Merchandise,- None -,- None -,- None -,- None -
48745,48745,CB5226,BigOne Cover: Bronze Wombat Phur,1001 - Sac Covers,- None -,CB5226,2-4 Weeks,11/9/2020,Sac,Indoor,Cover,Sacs,BigOne,Quickship,Bronze Wombat Phur,BigOne Cover: Bronze Wombat Phur,750,T,Sac Covers,1001,- None -,- None -,- None -,https://4979720.app.netsuite.com/core/media/media.nl?id=18161215&c=4979720&h=5-cQm8kzEPCFhgsYxzPvUXiqW2zojSbr2n6wReownyHZO28G,Wombat Phur,Phur,Phur,Bronze,999,Merchandise,- None -,- None -,- None -,- None -
52610,52610,CB7175,BigOne Cover: Midnight Mink Phur,1001 - Sac Covers,- None -,CB7175,2-4 Weeks,8/16/2021,Sac,Indoor,Cover,Sacs,BigOne,Quickship,Midnight Mink Phur,BigOne Cover: Midnight Mink Phur,650,T,Sac Covers,1001,- None -,- None -,- None -,https://4979720.app.netsuite.com/c.4979720/Images/A01AACBLR_media_1.jpg,Phur,Phur,Phur,Midnight Mink,999,Merchandise,- None -,- None -,- None -,- None -
52623,52623,CC0419,CitySac Cover: Glacier Mink Phur,1001 - Sac Covers,- None -,CC0419,6-8 Weeks,8/16/2021,Sac,Indoor,Cover,Sacs,Citysac,Quickship,Glacier Mink Phur,CitySac Cover: Glacier Mink Phur,325,T,Sac Covers,1001,- None -,- None -,- None -,https://4979720.app.netsuite.com/core/media/media.nl?id=18161411&c=4979720&h=y1d9I4yi9f0B58SdX_FxoH_v3xoJz6qkpeEhCAXGhisAl3Ec,Phur,Phur,Phur,Glacier Mink,999,Merchandise,- None -,- None -,- None -,- None -
63989,63989,CC0815,CitySac Cover: Pine Quilted Velvet,1001 - Sac Covers,- None -,CC0815,6-8 Weeks,8/7/2023,Sac,Indoor,Cover,Sacs,Citysac,Quickship,Pine Quilted Velvet,CitySac Cover: Pine Quilted Velvet,200,T,Sac Covers,1001,- None -,- None -,- None -,https://4979720.app.netsuite.com/core/media/media.nl?id=18161451&c=4979720&h=qKCpc7bBsHXbLyl9hEWQfqZXSxx-7J7iZCZ-vgMzG7AUiEbY,Velvet,Velvet,Velvet,Pine,999,Merchandise,- None -,- None -,- None -,- None -
48757,48757,CC4833,CitySac Cover: Charcoal Wombat Phur,1001 - Sac Covers,- None -,CC4833,6-8 Weeks,11/9/2020,Sac,Indoor,Cover,Sacs,Citysac,Quickship,Charcoal Wombat Phur,CitySac Cover: Charcoal Wombat Phur,475,T,Sac Covers,1001,- None -,- None -,- None -,https://4979720.app.netsuite.com/core/media/media.nl?id=18161303&c=4979720&h=o9_CUv6Q2k_Bor483obB4iBUc3oTR0buEXJn9TTDHYLfjuBi,Wombat Phur,Phur,Phur,Charcoal,999,Merchandise,- None -,- None -,- None -,- None -
55067,55067,CC5982,CitySac Cover: Alpine Swirl Phur,1001 - Sac Covers,- None -,CC5982,2-4 Weeks,1/10/2021,Sac,Indoor,Cover,Sacs,Citysac,Quickship,Alpine Swirl Phur,CitySac Cover: Alpine Swirl Phur,200,T,Sac Covers,1001,- None -,- None -,- None -,https://4979720.app.netsuite.com/core/media/media.nl?id=18161475&c=4979720&h=Nz2ECwBBT-OUJV7I_J5IUf-GobLgWcRnoYtfcf1BCmzq7kHy,Swirl Phur,Phur,Phur,Alpine,999,Merchandise,- None -,- None -,- None -,- None -
52614,52614,CC6180,CitySac Cover: Midnight Mink Phur,1001 - Sac Covers,- None -,CC6180,6-8 Weeks,8/16/2021,Sac,Indoor,Cover,Sacs,Citysac,Quickship,Midnight Mink Phur,CitySac Cover: Midnight Mink Phur,325,T,Sac Covers,1001,- None -,- None -,- None -,https://4979720.app.netsuite.com/core/media/media.nl?id=18161459&c=4979720&h=8xvrAW3yWwY2jJs_CnAfnM7FT47Yi0nJYjflQEHr0N6DZlOo,Phur,Phur,Phur,Midnight Mink,999,Merchandise,- None -,- None -,- None -,- None -
48749,48749,CC9849,CitySac Cover: Bronze Wombat Phur,1001 - Sac Covers,- None -,CC9849,2-4 Weeks,11/9/2020,Sac,Indoor,Cover,Sacs,Citysac,Quickship,Bronze Wombat Phur,CitySac Cover: Bronze Wombat Phur,475,T,Sac Covers,1001,- None -,- None -,- None -,https://4979720.app.netsuite.com/core/media/media.nl?id=18161398&c=4979720&h=Ii3RRtIngg99VQlWzJpnvQJ82vmuljn7xeNlJhQzmfGGRF2P,Wombat Phur,Phur,Phur,Bronze,999,Merchandise,- None -,- None -,- None -,- None -
48755,48755,CM2035,MovieSac Cover: Charcoal Wombat Phur,1001 - Sac Covers,- None -,CM2035,2-4 Weeks,11/9/2020,Sac,Indoor,Cover,Sacs,Moviesac,Quickship,Charcoal Wombat Phur,MovieSac Cover: Charcoal Wombat Phur,550,T,Sac Covers,1001,- None -,- None -,- None -,https://4979720.app.netsuite.com/core/media/media.nl?id=18161628&c=4979720&h=wxetYB62OclvqjmHY9SJ6tp66a9YUxo6URi8EWomq1RWTK3D,Wombat Phur,Phur,Phur,Charcoal,999,Merchandise,- None -,- None -,- None -,- None -
33270,33270,CM2242,MovieSac Cover: Wombat Phur,1001 - Sac Covers,57806,CM2242,2-4 Weeks,5/23/2020,Sac,Indoor,Cover,Sacs,Moviesac,Quickship,Wombat Phur,- None -,550,T,Sac Covers,1001,- None -,- None -,- None -,https://4979720.app.netsuite.com/core/media/media.nl?id=18161566&c=4979720&h=Js1qkyB2qlNPMLIQWf_qG-qxufpE8v0n9naTRmXOJbacy4Zh,Wombat Phur,Phur,Phur,Wombat,999,Merchandise,- None -,- None -,- None -,- None -
52621,52621,CM4823,MovieSac Cover: Glacier Mink Phur,1001 - Sac Covers,- None -,CM4823,2-4 Weeks,8/16/2021,Sac,Indoor,Cover,Sacs,Moviesac,Quickship,Glacier Mink Phur,MovieSac Cover: Glacier Mink Phur,500,T,Sac Covers,1001,- None -,- None -,- None -,https://4979720.app.netsuite.com/c.4979720/Images/A03AACBLS_media_1.jpg,Phur,Phur,Phur,Glacier Mink,999,Merchandise,- None -,- None -,- None -,- None -
63987,63987,CM6191,MovieSac Cover: Pine Quilted Velvet,1001 - Sac Covers,- None -,CM6191,2-4 Weeks,8/7/2023,Sac,Indoor,Cover,Sacs,Moviesac,Quickship,Pine Quilted Velvet,MovieSac Cover: Pine Quilted Velvet,275,T,Sac Covers,1001,- None -,- None -,- None -,https://4979720.app.netsuite.com/core/media/media.nl?id=18161569&c=4979720&h=ryxEkygwneGnUIxhelWeRxqfmFO5gZKMAciIa42sNA9KXqdb,Velvet,Velvet,Velvet,Pine,999,Merchandise,- None -,- None -,- None -,- None -
52612,52612,CM7879,MovieSac Cover: Midnight Mink Phur,1001 - Sac Covers,- None -,CM7879,2-4 Weeks,8/16/2021,Sac,Indoor,Cover,Sacs,Moviesac,Quickship,Midnight Mink Phur,MovieSac Cover: Midnight Mink Phur,500,T,Sac Covers,1001,- None -,- None -,- None -,https://4979720.app.netsuite.com/c.4979720/Images/A03AACBLR_media_1.jpg,Phur,Phur,Phur,Midnight Mink,999,Merchandise,- None -,- None -,- None -,- None -
54963,54963,CM7984,MovieSac Cover: Vintage Blue Rained Chenille,1001 - Sac Covers,- None -,CM7984,6-8 Weeks,1/1/2022,Sac,Indoor,Cover,Sacs,Moviesac,Quickship,Vintage Blue Rained Chenille,MovieSac Cover: Vintage Blue Rained Chenille,275,T,Sac Covers,1001,- None -,- None -,- None -,https://4979720.app.netsuite.com/core/media/media.nl?id=18161906&c=4979720&h=57UU_2PlXQtRwD15GR7CPGVkdzWNleWPJ48qzks9C5E35jL4,Rained Chenille,Chenille,Chenille,Vintage Blue,999,Merchandise,- None -,- None -,- None -,- None -
48747,48747,CM8441,MovieSac Cover: Bronze Wombat Phur,1001 - Sac Covers,- None -,CM8441,6-8 Weeks,11/9/2020,Sac,Indoor,Cover,Sacs,Moviesac,Quickship,Bronze Wombat Phur,MovieSac Cover: Bronze Wombat Phur,550,T,Sac Covers,1001,- None -,- None -,- None -,https://4979720.app.netsuite.com/core/media/media.nl?id=18161676&c=4979720&h=ashl0vw11_ltz2YZGdw6C0hgq5T7JARuj_zB2ufb3jqJQqf0,Wombat Phur,Phur,Phur,Bronze,999,Merchandise,- None -,- None -,- None -,- None -
48748,48748,CP0452,PillowSac Cover: Bronze Wombat Phur,1001 - Sac Covers,- None -,CP0452,2-4 Weeks,11/9/2020,Sac,Indoor,Cover,Sacs,Pillowsac,Quickship,Bronze Wombat Phur,PillowSac Cover: Bronze Wombat Phur,500,T,Sac Covers,1001,- None -,- None -,- None -,https://4979720.app.netsuite.com/core/media/media.nl?id=18161596&c=4979720&h=D6tr7JIOohXEVT6PrI7qSyMac9-3EaPdFGGPd0yPFz7Fwr7_,Wombat Phur,Phur,Phur,Bronze,999,Merchandise,- None -,- None -,- None -,- None -
52622,52622,CP0827,PillowSac Cover: Glacier Mink Phur,1001 - Sac Covers,- None -,CP0827,2-4 Weeks,8/16/2021,Sac,Indoor,Cover,Sacs,Pillowsac,Quickship,Glacier Mink Phur,PillowSac Cover: Glacier Mink Phur,350,T,Sac Covers,1001,- None -,- None -,- None -,https://4979720.app.netsuite.com/core/media/media.nl?id=18161699&c=4979720&h=_FWDSKzEpi6EPk227jLOfvKnuMW6Xg4fBPAqDawgAbEd0uJz,Phur,Phur,Phur,Glacier Mink,999,Merchandise,- None -,- None -,- None -,- None -
63988,63988,CP1582,PillowSac Cover: Pine Quilted Velvet,1001 - Sac Covers,- None -,CP1582,2-4 Weeks,8/7/2023,Sac,Indoor,Cover,Sacs,Pillowsac,Quickship,Pine Quilted Velvet,PillowSac Cover: Pine Quilted Velvet,225,T,Sac Covers,1001,- None -,- None -,- None -,https://4979720.app.netsuite.com/core/media/media.nl?id=18161588&c=4979720&h=JOHpvCW9KmTfbai24b02mbUphCd7P1Rq2vwBbE8E6C8_ypqi,Velvet,Velvet,Velvet,Pine,999,Merchandise,- None -,- None -,- None -,- None -
55066,55066,CP3261,PillowSac Cover: Alpine Swirl Phur,1001 - Sac Covers,- None -,CP3261,2-4 Weeks,1/10/2021,Sac,Indoor,Cover,Sacs,Pillowsac,Quickship,Alpine Swirl Phur,PillowSac Cover: Alpine Swirl Phur,225,T,Sac Covers,1001,- None -,- None -,- None -,https://4979720.app.netsuite.com/core/media/media.nl?id=18161551&c=4979720&h=fCdy7koMNQXV-vNNNrZxYLBVdsitMIitIRszTptMXVOHz6rC,Swirl Phur,Phur,Phur,Alpine,999,Merchandise,- None -,- None -,- None -,- None -
48754,48754,CU3676,SuperSac Cover: Charcoal Wombat Phur,1001 - Sac Covers,- None -,CU3676,2-4 Weeks,11/9/2020,Sac,Indoor,Cover,Sacs,Supersac,Quickship,Charcoal Wombat Phur,SuperSac Cover: Charcoal Wombat Phur,625,T,Sac Covers,1001,- None -,- None -,- None -,https://4979720.app.netsuite.com/core/media/media.nl?id=18161967&c=4979720&h=e1nfpM4SQAU9ZdkU4oHnURb_JVrHUyQ-epqmC5f3wvn1erc5,Wombat Phur,Phur,Phur,Charcoal,999,Merchandise,- None -,- None -,- None -,- None -
54962,54962,CU4032,SuperSac Cover: Vintage Blue Rained Chenille,1001 - Sac Covers,- None -,CU4032,2-4 Weeks,1/1/2022,Sac,Indoor,Cover,Sacs,Supersac,Quickship,Vintage Blue Rained Chenille,SuperSac Cover: Vintage Blue Rained Chenille,325,T,Sac Covers,1001,- None -,- None -,- None -,https://4979720.app.netsuite.com/core/media/media.nl?id=18161991&c=4979720&h=MEBeb3ygyT1MYQQ2p-C2LPHRW-1PKK3Rb-mGiJVaR2drRGxT,Rained Chenille,Chenille,Chenille,Vintage Blue,999,Merchandise,- None -,- None -,- None -,- None -
52611,52611,CU4360,SuperSac Cover: Midnight Mink Phur,1001 - Sac Covers,- None -,CU4360,2-4 Weeks,8/16/2021,Sac,Indoor,Cover,Sacs,Supersac,Quickship,Midnight Mink Phur,SuperSac Cover: Midnight Mink Phur,550,T,Sac Covers,1001,- None -,- None -,- None -,https://4979720.app.netsuite.com/c.4979720/Images/A02AACBLR_media_1.jpg,Phur,Phur,Phur,Midnight Mink,999,Merchandise,- None -,- None -,- None -,- None -
48746,48746,CU5725,SuperSac Cover: Bronze Wombat Phur,1001 - Sac Covers,- None -,CU5725,2-4 Weeks,11/9/2020,Sac,Indoor,Cover,Sacs,Supersac,Quickship,Bronze Wombat Phur,SuperSac Cover: Bronze Wombat Phur,625,T,Sac Covers,1001,- None -,- None -,- None -,https://4979720.app.netsuite.com/core/media/media.nl?id=18162186&c=4979720&h=LuLU5G0lT_qdpX6tRtC38JvrexkBcW9RX2IJXOQYp-sJqc8Y,Wombat Phur,Phur,Phur,Bronze,999,Merchandise,- None -,- None -,- None -,- None -
63986,63986,CU6880,SuperSac Cover: Pine Quilted Velvet,1001 - Sac Covers,- None -,CU6880,6-8 Weeks,8/7/2023,Sac,Indoor,Cover,Sacs,Supersac,Quickship,Pine Quilted Velvet,SuperSac Cover: Pine Quilted Velvet,325,T,Sac Covers,1001,- None -,- None -,- None -,https://4979720.app.netsuite.com/core/media/media.nl?id=18162245&c=4979720&h=BMoIbwWeFakcdkrZXKO-vjRPOkAPKtKG7SRe3-1atFfWGJ6m,Velvet,Velvet,Velvet,Pine,999,Merchandise,- None -,- None -,- None -,- None -
52620,52620,CU9946,SuperSac Cover: Glacier Mink Phur,1001 - Sac Covers,- None -,CU9946,2-4 Weeks,8/16/2021,Sac,Indoor,Cover,Sacs,Supersac,Quickship,Glacier Mink Phur,SuperSac Cover: Glacier Mink Phur,550,T,Sac Covers,1001,- None -,- None -,- None -,https://4979720.app.netsuite.com/c.4979720/Images/A02AACBLS_media_1.jpg,Phur,Phur,Phur,Glacier Mink,999,Merchandise,- None -,- None -,- None -,- None -
86879,86879,EH9631,Sactionals Insert Protector: Wedge Seat Cushion,1006 - Sactionals Accessories,- None -,EH9631,12-14 Weeks,3/18/2025,Sactional,Indoor,Sactional Accessories,Insert Protectors,Wedge Seat Cushion,Quickship,No Fabric,Sactionals Insert Protector: Wedge Seat Cushion,45,T,Sactionals Accessories,1006,- None -,- None -,- None -,- None -,- None -,No Fabric,- None -,EH9631,999,Merchandise,- None -,6 Series,- None -,- None -
92804,92804,FB1111,Snugg Swept Arm Cover: L: Moss Etched Chenille,1036 - Snugg Covers,- None -,FB1111,2-4 Weeks,5/14/2025,Snugg,Indoor,Cover,Arms,Swept Arm Cover: L,Quickship,Moss Etched Chenille,Snugg Swept Arm Cover: L: Moss Etched Chenille,70,T,Snugg Covers,1036,- None -,- None -,- None -,https://4979720.app.netsuite.com/core/media/media.nl?id=18271429&c=4979720&h=ooCAlvhKwo27_wWXx-4sfM0eeAqbzAwVDaqJDFDi8Xyxa0dN,Etched Chenille,Chenille,Chenille,Moss,999,Merchandise,- None -,- None -,- None -,- None -
92756,92756,FB6166,Snugg Tapered Arm Cover: R: Moss Etched Chenille,1036 - Snugg Covers,- None -,FB6166,2-4 Weeks,5/14/2025,Snugg,Indoor,Cover,Arms,Tapered Arm Cover: R,Quickship,Moss Etched Chenille,Snugg Tapered Arm Cover: R: Moss Etched Chenille,70,T,Snugg Covers,1036,- None -,- None -,- None -,https://4979720.app.netsuite.com/core/media/media.nl?id=18271388&c=4979720&h=xE-j79_X6bYkrKgBPFgNMnJJvk1xg5tNX77M-G1bDg8xvPzM,Etched Chenille,Chenille,Chenille,Moss,999,Merchandise,- None -,- None -,- None -,- None -
92792,92792,FB6537,Snugg Tapered Arm Cover: L: Moss Etched Chenille,1036 - Snugg Covers,- None -,FB6537,2-4 Weeks,5/14/2025,Snugg,Indoor,Cover,Arms,Tapered Arm Cover: L,Quickship,Moss Etched Chenille,Snugg Tapered Arm Cover: L: Moss Etched Chenille,70,T,Snugg Covers,1036,- None -,- None -,- None -,https://4979720.app.netsuite.com/core/media/media.nl?id=18271425&c=4979720&h=nn1hSihgAG-J6a_7IJ8TXGjEg-94AjBLofDAm9bVQN1xKuBm,Etched Chenille,Chenille,Chenille,Moss,999,Merchandise,- None -,- None -,- None -,- None -
92768,92768,FB9136,Snugg Swept Arm Cover: R: Moss Etched Chenille,1036 - Snugg Covers,- None -,FB9136,2-4 Weeks,5/14/2025,Snugg,Indoor,Cover,Arms,Swept Arm Cover: R,Quickship,Moss Etched Chenille,Snugg Swept Arm Cover: R: Moss Etched Chenille,70,T,Snugg Covers,1036,- None -,- None -,- None -,https://4979720.app.netsuite.com/core/media/media.nl?id=18271437&c=4979720&h=0YrUTeXLn2gZpdaeOviptLHNApt5Z2M7ZxLvgy0HuW-FTF7j,Etched Chenille,Chenille,Chenille,Moss,999,Merchandise,- None -,- None -,- None -,- None -
92720,92720,FG1808,Snugg Loveseat Seat Cover Set: Moss Etched Chenille,1036 - Snugg Covers,- None -,FG1808,4-6 Weeks,5/14/2025,Snugg,Indoor,Cover,Seats,Loveseat Seat Set,Quickship,Moss Etched Chenille,Snugg Loveseat Seat Cover Set: Moss Etched Chenille,560,T,Snugg Covers,1036,- None -,- None -,- None -,https://4979720.app.netsuite.com/core/media/media.nl?id=18267633&c=4979720&h=DZZcNhdc06I551SpMRZollxvSYrCasjJo5FZbqnuIQhGWCg-,Etched Chenille,Chenille,Chenille,Moss,999,Merchandise,- None -,- None -,- None -,- None -
92696,92696,FG3638,Snugg 3-Cushion Sofa Seat Cover Set: Moss Etched Chenille,1036 - Snugg Covers,- None -,FG3638,2-4 Weeks,5/14/2025,Snugg,Indoor,Cover,Seats,3-Cushion Sofa Seat Set,Quickship,Moss Etched Chenille,Snugg 3-Cushion Sofa Seat Cover Set: Moss Etched Chenille,610,T,Snugg Covers,1036,- None -,- None -,- None -,https://4979720.app.netsuite.com/core/media/media.nl?id=18267553&c=4979720&h=TEF7fUm5iixCBXyzwOCR0XITgz1j_OnUYOrAQyqLM09Mzel-,Etched Chenille,Chenille,Chenille,Moss,999,Merchandise,- None -,- None -,- None -,- None -
92708,92708,FG7508,Snugg 2-Cushion Sofa Seat Cover Set: Moss Etched Chenille,1036 - Snugg Covers,- None -,FG7508,4-6 Weeks,5/14/2025,Snugg,Indoor,Cover,Seats,2-Cushion Sofa Seat Set,Quickship,Moss Etched Chenille,Snugg 2-Cushion Sofa Seat Cover Set: Moss Etched Chenille,610,T,Snugg Covers,1036,- None -,- None -,- None -,https://4979720.app.netsuite.com/core/media/media.nl?id=18267586&c=4979720&h=_iLGd0cml-gfbOxlAzlyU57lx7puRloN3nRWGW9QSL8nw49r,Etched Chenille,Chenille,Chenille,Moss,999,Merchandise,- None -,- None -,- None -,- None -
92874,92874,FW5294,Individual Snugg 3-Cushion Sofa Seat Cushion Cover: Oyster Etched Chenille,1036 - Snugg Covers,- None -,FW5294,16-18 Weeks,5/14/2025,Snugg,Indoor,Cover,Components,3-Cushion Sofa Seat Cushion,Quickship,Oyster Etched Chenille,Individual Snugg 3-Cushion Sofa Seat Cushion Cover: Oyster Etched Chenille,70,T,Snugg Covers,1036,- None -,- None -,- None -,https://4979720.app.netsuite.com/core/media/media.nl?id=18267552&c=4979720&h=VZhuitVVKgpTlmzLwTqgowyMHlPZ_D2gt0oihBNBm3gfbQ3_,Etched Chenille,Chenille,Chenille,Oyster,999,Merchandise,- None -,- None -,- None -,- None -
105764,105764,GM0886,NEW Sactionals Deep Reclining Seat Insert Set: Lovesoft,1004 - Sactional Indoor Inserts,- None -,GM0886,2-4 Weeks,,Sactional,Indoor,Insert,Seats,Deep Reclining Seat,Quickship,No Fabric,New New Sactionals Deep Reclining Seat Insert Set: Lovesoft,835,T,Sactional Indoor Inserts,1004,- None -,- None -,- None -,- None -,- None -,Lovesoft,- None -,GM0886,999,Merchandise,Lovesoft,6 Series,- None -,- None -
89824,89824,GM2924,Sactionals Reclining Seat Remote,1021 - Parts,- None -,GM2924,4-6 Weeks,,Sactional,Indoor,Sactional Spare Parts,Remote,Reclining Seat Remote,Quickship,- None -,Sactionals Reclining Seat Remote,50,T,Parts,1021,- None -,- None -,- None -,https://4979720.app.netsuite.com/core/media/media.nl?id=18138752&c=4979720&h=AfOZHodGQbll-wWBURvx7Wya33aINoXVOef6-f47t8xEah1b,- None -,Sactionals Reclining Seat Remote,- None -,GM2924,999,Merchandise,- None -,6 Series,- None -,- None -
96791,96791,HA1005,Swept Arm Side Cover: R: Jute Brushed Weave,1005 - Sactionals Covers,- None -,HA1005,2-4 Weeks,10/21/2025,Sactional,Indoor,Cover,Sides,Swept Arm: R,Quickship,Jute Brushed Weave,Swept Arm Side Cover: R: Jute Brushed Weave,195,T,Sactionals Covers,1005,- None -,- None -,- None -,https://4979720.app.netsuite.com/core/media/media.nl?id=18428939&c=4979720&h=iFvIoqgHDxCxgcUxbQ0PcI4aE1pz9mH_7qOy-75-16WYMdGX,Brushed Weave,Weave,Weave,Jute,999,Merchandise,- None -,6 Series,- None -,- None -
40229,40229,HA1649,Deep Storage Seat Cover Set: Charcoal Grey Corded Velvet,1005 - Sactionals Covers,- None -,HA1649,2-4 Weeks,6/29/2020,Sactional,Indoor,Cover,Seats,Deep Storage Seat,Quickship,Charcoal Grey Corded Velvet,Deep Storage Seat Cover Set: Charcoal Grey Corded Velvet,450,T,Sactionals Covers,1005,- None -,- None -,- None -,https://4979720.app.netsuite.com/core/media/media.nl?id=18163016&c=4979720&h=5xtedDmkKhe8GJdjCUUOrunI4PRfWJ3Mk39E0Ag-j2BwM9IE,Corded Velvet,Velvet,Velvet,Charcoal Grey,999,Merchandise,- None -,6 Series,- None -,- None -
94732,94732,HA1736,Deep Storage Seat Cover Set: Moss Etched Chenille,1005 - Sactionals Covers,- None -,HA1736,6-8 Weeks,,Sactional,Indoor,Cover,Seats,Deep Storage Seat,Quickship,Moss Etched Chenille,Deep Storage Seat Cover Set: Moss Etched Chenille,550,T,Sactionals Covers,1005,- None -,- None -,- None -,https://4979720.app.netsuite.com/c.4979720/Images/CoversBatch1CSTMRefresh/C28CELBMQ_media_1.jpg,Etched Chenille,Chenille,Chenille,Moss,999,Merchandise,- None -,6 Series,- None -,- None -
49784,49784,HA1740,Deep Storage Seat Cover Set: Jute Brushed Weave,1005 - Sactionals Covers,- None -,HA1740,4-6 Weeks,2/8/2021,Sactional,Indoor,Cover,Seats,Deep Storage Seat,Quickship,Jute Brushed Weave,Deep Storage Seat Cover Set: Jute Brushed Weave,625,T,Sactionals Covers,1005,- None -,- None -,- None -,https://4979720.app.netsuite.com/core/media/media.nl?id=18163098&c=4979720&h=4IO0LRfd2J9_hnBnAT79Dr2TjFgx8u2oAz9S0-gsfNMPoKLI,Brushed Weave,Weave,Weave,Jute,999,Merchandise,- None -,6 Series,- None -,- None -
94751,94751,HA1746,Deep Storage Seat Cover Set: Bisque Etched Chenille,1005 - Sactionals Covers,- None -,HA1746,4-6 Weeks,,Sactional,Indoor,Cover,Seats,Deep Storage Seat,Quickship,Bisque Etched Chenille,Deep Storage Seat Cover Set: Bisque Etched Chenille,550,T,Sactionals Covers,1005,- None -,- None -,- None -,https://4979720.app.netsuite.com/core/media/media.nl?id=18883762&c=4979720&h=HB3ze2zolJ7OY4j8B5m1As_5QFlRYNZldxpGNMgtD1URzcuO,Etched Chenille,Chenille,Chenille,Bisque,999,Merchandise,- None -,6 Series,- None -,- None -
96816,96816,HA1780,Swept Arm Side Cover: L: Jute Brushed Weave,1005 - Sactionals Covers,- None -,HA1780,2-4 Weeks,10/21/2025,Sactional,Indoor,Cover,Sides,Swept Arm: L,Quickship,Jute Brushed Weave,Swept Arm Side Cover: L: Jute Brushed Weave,195,T,Sactionals Covers,1005,- None -,- None -,- None -,https://4979720.app.netsuite.com/core/media/media.nl?id=18428729&c=4979720&h=dHbPKnNSksj1PkGFMprHStZF4ZAH3I2ybJoree1uJr_7TbI3,Brushed Weave,Weave,Weave,Jute,999,Merchandise,- None -,6 Series,- None -,- None -
40216,40216,HA2077,Deep Storage Seat Cover Set: Taupe Combed Chenille,1005 - Sactionals Covers,- None -,HA2077,6-8 Weeks,6/29/2020,Sactional,Indoor,Cover,Seats,Deep Storage Seat,Quickship,Taupe Combed Chenille,Deep Storage Seat Cover Set: Taupe Combed Chenille,375,T,Sactionals Covers,1005,- None -,- None -,- None -,https://4979720.app.netsuite.com/core/media/media.nl?id=18162850&c=4979720&h=-i6Z1VAHaTxCQKJZ6QqH5314TNw0omXTzuAdsPq3LyF5rhC9,Combed Chenille,Chenille,Chenille,Taupe,999,Merchandise,- None -,6 Series,- None -,- None -
96849,96849,HA3182,Swept Arm Side Cover: L: Savanna Corded Velvet,1005 - Sactionals Covers,- None -,HA3182,2-4 Weeks,10/21/2025,Sactional,Indoor,Cover,Sides,Swept Arm: L,Quickship,Savanna Corded Velvet,<p>Swept Arm Side Cover: L: Savanna Corded Velvet</p>,140,T,Sactionals Covers,1005,- None -,- None -,- None -,https://4979720.app.netsuite.com/core/media/media.nl?id=18883786&c=4979720&h=1-lyfC3x99ROnvHOkV_50S4PqnNJxpA2cvXNfoBa1k4xTE0b,Corded Velvet,Velvet,Velvet,Savanna,999,Merchandise,- None -,6 Series,- None -,- None -
53755,53755,HA4139,Deep Storage Seat Cover Set: Venetian Taupe Corded Velvet,1005 - Sactionals Covers,- None -,HA4139,2-4 Weeks,9/6/2021,Sactional,Indoor,Cover,Seats,Deep Storage Seat,Quickship,Venetian Taupe Corded Velvet,Deep Storage Seat Cover Set: Venetian Taupe Corded Velvet,450,T,Sactionals Covers,1005,- None -,- None -,- None -,https://4979720.app.netsuite.com/core/media/media.nl?id=18162862&c=4979720&h=RFecz1nSlFDNQoEN1Ipm1WITlfwb2V54cCDv0oZsxfjxVnrz,Corded Velvet,Velvet,Velvet,Venetian Taupe,999,Merchandise,- None -,6 Series,- None -,- None -
96845,96845,HA6528,Swept Arm Side Cover: L: Bisque Etched Chenille,1005 - Sactionals Covers,- None -,HA6528,4-6 Weeks,10/21/2025,Sactional,Indoor,Cover,Sides,Swept Arm: L,Quickship,Bisque Etched Chenille,<p>Swept Arm Side Cover: L: Bisque Etched Chenille</p>,175,T,Sactionals Covers,1005,- None -,- None -,- None -,https://4979720.app.netsuite.com/core/media/media.nl?id=18883784&c=4979720&h=NQVYtHZP--hruWXpf2MyRDndx0RASnblciVMhvPvD8sie5J4,Etched Chenille,Chenille,Chenille,Bisque,999,Merchandise,- None -,6 Series,- None -,- None -
96826,96826,HA7118,Swept Arm Side Cover: L: Taupe Combed Chenille,1005 - Sactionals Covers,- None -,HA7118,6-8 Weeks,10/21/2025,Sactional,Indoor,Cover,Sides,Swept Arm: L,Quickship,Taupe Combed Chenille,Swept Arm Side Cover: L: Taupe Combed Chenille,110,T,Sactionals Covers,1005,- None -,- None -,- None -,- None -,Combed Chenille,Chenille,Chenille,Taupe,999,Merchandise,- None -,6 Series,- None -,- None -
96844,96844,HA7772,Swept Arm Side Cover: R: Bisque Etched Chenille,1005 - Sactionals Covers,- None -,HA7772,4-6 Weeks,10/21/2025,Sactional,Indoor,Cover,Sides,Swept Arm: R,Quickship,Bisque Etched Chenille,Swept Arm Side Cover: R: Bisque Etched Chenille,175,T,Sactionals Covers,1005,- None -,- None -,- None -,https://4979720.app.netsuite.com/core/media/media.nl?id=18883783&c=4979720&h=E3TBH966wIwRt_ommt8E9iCvxp1PEAec4qQ6aYsIkH9Llv_1,Etched Chenille,Chenille,Chenille,Bisque,999,Merchandise,- None -,6 Series,- None -,- None -
47467,47467,HA8354,Deep Storage Seat Cover Set: Terracotta Rained Chenille,1005 - Sactionals Covers,- None -,HA8354,2-4 Weeks,10/15/2020,Sactional,Indoor,Cover,Seats,Deep Storage Seat,Quickship,Terracotta Rained Chenille,Deep Storage Seat Cover Set: Terracotta Rained Chenille,375,T,Sactionals Covers,1005,- None -,- None -,- None -,https://4979720.app.netsuite.com/core/media/media.nl?id=18163489&c=4979720&h=xtF8qmDZ_Sek66Ck4tgk-57esauqpRUDx7vVtOadEOjJAsEt,Rained Chenille,Chenille,Chenille,Terracotta,999,Merchandise,- None -,6 Series,- None -,- None -
95116,95116,HA9017,Deep Storage Seat Cover Set: Savanna Corded Velvet,1005 - Sactionals Covers,- None -,HA9017,12-14 Weeks,,Sactional,Indoor,Cover,Seats,Deep Storage Seat,Quickship,Savanna Corded Velvet,Deep Storage Seat Cover Set: Savanna Corded Velvet,450,T,Sactionals Covers,1005,- None -,- None -,- None -,https://4979720.app.netsuite.com/core/media/media.nl?id=18883767&c=4979720&h=ZUGkGqq7BCHVjsqFqq62Fksjm6uQUNV5E5d-7YeQTJxQWcyN,Corded Velvet,Velvet,Velvet,Savanna,999,Merchandise,- None -,6 Series,- None -,- None -
40222,40222,HA9620,Deep Storage Seat Cover Set: Mediterranea Solid Polylinen,1005 - Sactionals Covers,- None -,HA9620,6-8 Weeks,6/29/2020,Sactional,Indoor,Cover,Seats,Deep Storage Seat,Quickship,Mediterranea Solid Polylinen,Deep Storage Seat Cover Set: Mediterranea Solid Polylinen,450,T,Sactionals Covers,1005,- None -,- None -,- None -,https://4979720.app.netsuite.com/core/media/media.nl?id=18163292&c=4979720&h=crdEH_S6Ygg8UckMcR-qubFG1ZaO_nQIJBs9osgbnLgKLy5a,Solid Polylinen,Polylinen,Polylinen,Mediterranea,999,Merchandise,- None -,6 Series,- None -,- None -
96848,96848,HA9802,Swept Arm Side Cover: R: Savanna Corded Velvet,1005 - Sactionals Covers,- None -,HA9802,2-4 Weeks,10/21/2025,Sactional,Indoor,Cover,Sides,Swept Arm: R,Quickship,Savanna Corded Velvet,Swept Arm Side Cover: R: Savanna Corded Velvet,140,T,Sactionals Covers,1005,- None -,- None -,- None -,https://4979720.app.netsuite.com/core/media/media.nl?id=18883785&c=4979720&h=2wUQkQMw4Qi92NBY6JAIy2KJVzJkWXavEVSLt3xcHFC9CEf7,Corded Velvet,Velvet,Velvet,Savanna,999,Merchandise,- None -,6 Series,- None -,- None -
96801,96801,HA9999,Swept Arm Side Cover: R: Taupe Combed Chenille,1005 - Sactionals Covers,- None -,HA9999,6-8 Weeks,10/21/2025,Sactional,Indoor,Cover,Sides,Swept Arm: R,Quickship,Taupe Combed Chenille,Swept Arm Side Cover: R: Taupe Combed Chenille,110,T,Sactionals Covers,1005,- None -,- None -,- None -,- None -,Combed Chenille,Chenille,Chenille,Taupe,999,Merchandise,- None -,6 Series,- None -,- None -
53758,53758,HB1162,Deep Back Pillow Cover: Venetian Taupe Corded Velvet,1005 - Sactionals Covers,- None -,HB1162,2-4 Weeks,9/6/2021,Sactional,Indoor,Cover,Seats Components,Deep Back Pillow,Quickship,Venetian Taupe Corded Velvet,Deep Back Pillow Cover: Venetian Taupe Corded Velvet,140,T,Sactionals Covers,1005,- None -,- None -,- None -,https://4979720.app.netsuite.com/core/media/media.nl?id=18163272&c=4979720&h=VDK-8o3Ly6Yfz6yb-EpwLoHzjx5jZ3P_SrET_JDIjpk_G0Pl,Corded Velvet,Velvet,Velvet,Venetian Taupe,999,Merchandise,- None -,6 Series,- None -,- None -
49787,49787,HB1192,Deep Back Pillow Cover: Jute Brushed Weave,1005 - Sactionals Covers,- None -,HB1192,2-4 Weeks,2/8/2021,Sactional,Indoor,Cover,Seats Components,Deep Back Pillow,Quickship,Jute Brushed Weave,Deep Back Pillow Cover: Jute Brushed Weave,195,T,Sactionals Covers,1005,- None -,- None -,- None -,https://4979720.app.netsuite.com/core/media/media.nl?id=18163599&c=4979720&h=G-PK120VTRnpN5R0JvbxkBQ4r4_8V9OORO_0lROdBEjWYsHR,Brushed Weave,Weave,Weave,Jute,999,Merchandise,- None -,6 Series,- None -,- None -
29043,29043,HB1198,Deep Back Pillow: Seashell Solid Polylinen,1005 - Sactionals Covers,49540,HB1198,6-8 Weeks,5/26/2018,Sactional,Indoor,Cover,Seats Components,Deep Back Pillow,Quickship,Seashell Solid Polylinen,- None -,140,T,Sactionals Covers,1005,Included,Not Available,- None -,https://4979720.app.netsuite.com/core/media/media.nl?id=18163428&c=4979720&h=utnvk23CvtINyvYdogu5tQAbvM0otZRCbJlzIHGD8NOuiLTo,Solid Polylinen,Polylinen,Polylinen,Seashell,999,Merchandise,- None -,6 Series,- None -,- None -
29047,29047,HB4669,Deep Back Pillow Cover: Taupe Combed Chenille,1005 - Sactionals Covers,49544,HB4669,6-8 Weeks,5/27/2018,Sactional,Indoor,Cover,Seats Components,Deep Back Pillow,Quickship,Taupe Combed Chenille,- None -,110,T,Sactionals Covers,1005,Included,Not Available,- None -,https://4979720.app.netsuite.com/core/media/media.nl?id=18163541&c=4979720&h=p7TQugf2ZN1p6Sy5apJvvyD7YlPxRxIb5PEKEDIrAfn7hhc8,Combed Chenille,Chenille,Chenille,Taupe,999,Merchandise,- None -,6 Series,- None -,- None -
29757,29757,HB7965,Deep Back Pillow Cover: Charcoal Grey Corded Velvet,1005 - Sactionals Covers,53023,HB7965,2-4 Weeks,4/8/2019,Sactional,Indoor,Cover,Seats Components,Deep Back Pillow,Quickship,Charcoal Grey Corded Velvet,- None -,140,T,Sactionals Covers,1005,Included,Not Available,- None -,https://4979720.app.netsuite.com/core/media/media.nl?id=18163353&c=4979720&h=EL_Ayb6S4mRYY0yHht3IboOZtANRmm4c-_NHUePNc0HzczAS,Corded Velvet,Velvet,Velvet,Charcoal Grey,999,Merchandise,- None -,6 Series,- None -,- None -
95119,95119,HB9099,Deep Back Pillow Cover: Savanna Corded Velvet,1005 - Sactionals Covers,- None -,HB9099,2-4 Weeks,,Sactional,Indoor,Cover,Seats Components,Deep Back Pillow,Quickship,Savanna Corded Velvet,Deep Back Pillow Cover: Savanna Corded Velvet,140,T,Sactionals Covers,1005,- None -,- None -,- None -,https://4979720.app.netsuite.com/core/media/media.nl?id=18149686&c=4979720&h=H3Mw2Es-vYs698dr5BArem3eyBGSK31Rn0lrRoKXenooI1Fo,Corded Velvet,Velvet,Velvet,Savanna,999,Merchandise,- None -,6 Series,- None -,- None -
29057,29057,HD2301,Deep Side Cover: Taupe Combed Chenille,1005 - Sactionals Covers,49564,HD2301,6-8 Weeks,5/27/2018,Sactional,Indoor,Cover,Sides,Deep Side,Quickship,Taupe Combed Chenille,- None -,110,T,Sactionals Covers,1005,Included,Included,- None -,https://4979720.app.netsuite.com/core/media/media.nl?id=18163600&c=4979720&h=q8FMWY8AKhT0wvbAZohCa6Y5qJvczwt9JqK0zgGBGuI-FhRw,Combed Chenille,Chenille,Chenille,Taupe,999,Merchandise,- None -,6 Series,- None -,- None -
29062,29062,HD4220,Deep Side Cover: Seashell Solid Polylinen,1005 - Sactionals Covers,49569,HD4220,6-8 Weeks,5/26/2018,Sactional,Indoor,Cover,Sides,Deep Side,Quickship,Seashell Solid Polylinen,- None -,140,T,Sactionals Covers,1005,Included,Included,- None -,https://4979720.app.netsuite.com/core/media/media.nl?id=18163343&c=4979720&h=3vIPXctW9h02GRaVcI5GUsvh9YzB0hlm8r5GAvEFFrwgKiYo,Solid Polylinen,Polylinen,Polylinen,Seashell,999,Merchandise,- None -,6 Series,- None -,- None -
53760,53760,HD4867,Deep Side Cover: Venetian Taupe Corded Velvet,1005 - Sactionals Covers,- None -,HD4867,2-4 Weeks,9/6/2021,Sactional,Indoor,Cover,Sides,Deep Side,Quickship,Venetian Taupe Corded Velvet,Deep Side Cover: Venetian Taupe Corded Velvet,140,T,Sactionals Covers,1005,- None -,- None -,- None -,https://4979720.app.netsuite.com/core/media/media.nl?id=18163493&c=4979720&h=spSn7KqlOzcNTVIxmmNzacCjgamw2X1AvocMVGEYAxkRQVJ8,Corded Velvet,Velvet,Velvet,Venetian Taupe,999,Merchandise,- None -,6 Series,- None -,- None -
95121,95121,HD5219,Deep Side Cover: Savanna Corded Velvet,1005 - Sactionals Covers,- None -,HD5219,2-4 Weeks,,Sactional,Indoor,Cover,Sides,Deep Side,Quickship,Savanna Corded Velvet,Deep Side Cover: Savanna Corded Velvet,140,T,Sactionals Covers,1005,- None -,- None -,- None -,https://4979720.app.netsuite.com/core/media/media.nl?id=18149662&c=4979720&h=WkidDaIKTIUpbRvv6UCe2Iy3EC_VdQF9R1ulG0tpHdrp9Au1,Corded Velvet,Velvet,Velvet,Savanna,999,Merchandise,- None -,6 Series,- None -,- None -
29763,29763,HD7388,Deep Side Cover: Charcoal Grey Corded Velvet,1005 - Sactionals Covers,53030,HD7388,4-6 Weeks,4/21/2019,Sactional,Indoor,Cover,Sides,Deep Side,Quickship,Charcoal Grey Corded Velvet,- None -,140,T,Sactionals Covers,1005,Included,Included,- None -,https://4979720.app.netsuite.com/core/media/media.nl?id=18163635&c=4979720&h=XNNQ7kJcJO71nqrXqFDTVs2Eb7-1eOaZuFjBgrkFXO-tbSoW,Corded Velvet,Velvet,Velvet,Charcoal Grey,999,Merchandise,- None -,6 Series,- None -,- None -
34153,34153,HD8485,Deep Side Cover: Midnight Navy Corded Velvet,1005 - Sactionals Covers,57995,HD8485,2-4 Weeks,10/31/2019,Sactional,Indoor,Cover,Sides,Deep Side,Quickship,Midnight Navy Corded Velvet,- None -,140,T,Sactionals Covers,1005,Included,Not Available,- None -,https://4979720.app.netsuite.com/core/media/media.nl?id=18211938&c=4979720&h=h0gSaRJ_buwQS53wzQnNvNJ3VcahVbwjvuruxDjraxkcTubO,Corded Velvet,Velvet,Velvet,Midnight Navy,999,Merchandise,- None -,6 Series,- None -,- None -
29764,29764,HE4822,Side Cover: Charcoal Grey Corded Velvet,1005 - Sactionals Covers,53032,HE4822,2-4 Weeks,7/18/2019,Sactional,Indoor,Cover,Sides,Side,Quickship,Charcoal Grey Corded Velvet,- None -,140,T,Sactionals Covers,1005,Included,Included,- None -,https://4979720.app.netsuite.com/core/media/media.nl?id=18163387&c=4979720&h=TBGNBY07bhdQtbmXqzKNWbX4DgIFahmqHnwiHZaWXA46ba_F,Corded Velvet,Velvet,Velvet,Charcoal Grey,999,Merchandise,- None -,6 Series,- None -,- None -
95120,95120,HE6820,Side Cover: Savanna Corded Velvet,1005 - Sactionals Covers,- None -,HE6820,2-4 Weeks,,Sactional,Indoor,Cover,Sides,Side,Quickship,Savanna Corded Velvet,Side Cover: Savanna Corded Velvet,140,T,Sactionals Covers,1005,- None -,- None -,- None -,https://4979720.app.netsuite.com/core/media/media.nl?id=18149677&c=4979720&h=Ifv-9fA9jhf9UrwkU3TXbXCcxLCGfJIHUgukOopyndx5ZC86,Corded Velvet,Velvet,Velvet,Savanna,999,Merchandise,- None -,6 Series,- None -,- None -
95126,95126,HF0319,Reclining Seat Cover Set: Savanna Corded Velvet,1005 - Sactionals Covers,- None -,HF0319,2-4 Weeks,,Sactional,Indoor,Cover,Seats,Reclining Seat,Quickship,Savanna Corded Velvet,Reclining Seat Cover Set: Savanna Corded Velvet,400,T,Sactionals Covers,1005,- None -,- None -,- None -,https://4979720.app.netsuite.com/core/media/media.nl?id=18898172&c=4979720&h=Ro042dv9gvZFZhYgA20xk5fhVGDFv8ncPwJpxkO29tCgkqhD,Corded Velvet,Velvet,Velvet,Savanna,999,Merchandise,- None -,6 Series,- None -,- None -
85575,85575,HF1338,Reclining Seat Cover Set: Charcoal Grey Corded Velvet,1005 - Sactionals Covers,- None -,HF1338,2-4 Weeks,11/20/2024,Sactional,Indoor,Cover,Seats,Reclining Seat,Quickship,Charcoal Grey Corded Velvet,Reclining Seat Cover Set: Charcoal Grey Corded Velvet,400,T,Sactionals Covers,1005,- None -,- None -,- None -,https://4979720.app.netsuite.com/core/media/media.nl?id=18163595&c=4979720&h=-_Y-ODixAmCXQohkpZAJitwDT0Nty-CjzMjzci_hPbcjnxWJ,Corded Velvet,Velvet,Velvet,Charcoal Grey,999,Merchandise,- None -,6 Series,- None -,- None -
85594,85594,HF1675,Reclining Seat Cover Set: Venetian Taupe Corded Velvet,1005 - Sactionals Covers,- None -,HF1675,12-14 Weeks,11/20/2024,Sactional,Indoor,Cover,Seats,Reclining Seat,Quickship,Venetian Taupe Corded Velvet,Reclining Seat Cover Set: Venetian Taupe Corded Velvet,400,T,Sactionals Covers,1005,- None -,- None -,- None -,https://4979720.app.netsuite.com/core/media/media.nl?id=18163338&c=4979720&h=5BCYCNqt6Dpnr89-lzkAp_4--O6w_Vmy9UFH-PCNvuCfa1qE,Corded Velvet,Velvet,Velvet,Venetian Taupe,999,Merchandise,- None -,6 Series,- None -,- None -
85580,85580,HF6519,Reclining Seat Cover Set: Jute Brushed Weave,1005 - Sactionals Covers,- None -,HF6519,2-4 Weeks,11/20/2024,Sactional,Indoor,Cover,Seats,Reclining Seat,Quickship,Jute Brushed Weave,Reclining Seat Cover Set: Jute Brushed Weave,575,T,Sactionals Covers,1005,- None -,- None -,- None -,https://4979720.app.netsuite.com/core/media/media.nl?id=18163527&c=4979720&h=wZ_pHr3Q7U2tjzY0EIgjSxYg4rmsqpm-z6e50S5qiqZ4wk_W,Brushed Weave,Weave,Weave,Jute,999,Merchandise,- None -,6 Series,- None -,- None -
94761,94761,HF9449,Reclining Seat Cover Set: Bisque Etched Chenille,1005 - Sactionals Covers,- None -,HF9449,4-6 Weeks,,Sactional,Indoor,Cover,Seats,Reclining Seat,Quickship,Bisque Etched Chenille,Reclining Seat Cover Set: Bisque Etched Chenille,500,T,Sactionals Covers,1005,- None -,- None -,- None -,https://4979720.app.netsuite.com/core/media/media.nl?id=18897946&c=4979720&h=C5-6TURYlF8KnQn0YlrmZeiFWBpyMHTL0G_L4lbciQ21Zzoy,Etched Chenille,Chenille,Chenille,Bisque,999,Merchandise,- None -,6 Series,- None -,- None -
32860,32860,HG1828,Storage Seat Cover Set: Mediterranea Solid Polylinen,1005 - Sactionals Covers,57830,HG1828,6-8 Weeks,10/24/2019,Sactional,Indoor,Cover,Seats,Storage Seat,Quickship,Mediterranea Solid Polylinen,- None -,450,T,Sactionals Covers,1005,Included,Not Available,- None -,https://4979720.app.netsuite.com/core/media/media.nl?id=18163510&c=4979720&h=U5RjH1EcFUoY9nmOabIq_suBMnalLKefv7-iRBSz1iieeoUM,Solid Polylinen,Polylinen,Polylinen,Mediterranea,999,Merchandise,- None -,6 Series,- None -,- None -
47466,47466,HG4091,Storage Seat Cover Set: Terracotta Rained Chenille,1005 - Sactionals Covers,- None -,HG4091,10-12 Weeks,10/15/2020,Sactional,Indoor,Cover,Seats,Storage Seat,Quickship,Terracotta Rained Chenille,Storage Seat Cover Set: Terracotta Rained Chenille,375,T,Sactionals Covers,1005,- None -,- None -,- None -,https://4979720.app.netsuite.com/core/media/media.nl?id=18163408&c=4979720&h=S22OYtLtk0ImMZOWDrwx4lLnHssJ2RDmXZf4KHgeJU5v7MSw,Rained Chenille,Chenille,Chenille,Terracotta,999,Merchandise,- None -,6 Series,- None -,- None -
95115,95115,HG6811,Storage Seat Cover Set: Savanna Corded Velvet,1005 - Sactionals Covers,- None -,HG6811,2-4 Weeks,,Sactional,Indoor,Cover,Seats,Storage Seat,Quickship,Savanna Corded Velvet,Storage Seat Cover Set: Savanna Corded Velvet,450,T,Sactionals Covers,1005,- None -,- None -,- None -,https://4979720.app.netsuite.com/core/media/media.nl?id=18867848&c=4979720&h=9P3scZfwh51Vt8KbhmAuUpybZWyJC1BZ1s4-SGnN3ktQRxEo,Corded Velvet,Velvet,Velvet,Savanna,999,Merchandise,- None -,6 Series,- None -,- None -
40115,40115,HJ0556,Deep Seat Cover Set: Seashell Solid Polylinen,1005 - Sactionals Covers,- None -,HJ0556,6-8 Weeks,6/29/2020,Sactional,Indoor,Cover,Seats,Deep Seat,Quickship,Seashell Solid Polylinen,Deep Seat Cover Set: Seashell Solid Polylinen,400,T,Sactionals Covers,1005,- None -,- None -,- None -,https://4979720.app.netsuite.com/core/media/media.nl?id=18163685&c=4979720&h=NBcGVOclLBZEkLWvlXVas_qhHaMn4JpsLdojBTgC4p9vj1M6,Solid Polylinen,Polylinen,Polylinen,Seashell,999,Merchandise,- None -,6 Series,- None -,- None -
53753,53753,HJ1149,Deep Seat Cover Set: Venetian Taupe Corded Velvet,1005 - Sactionals Covers,- None -,HJ1149,2-4 Weeks,9/6/2021,Sactional,Indoor,Cover,Seats,Deep Seat,Quickship,Venetian Taupe Corded Velvet,Deep Seat Cover Set: Venetian Taupe Corded Velvet,400,T,Sactionals Covers,1005,- None -,- None -,- None -,https://4979720.app.netsuite.com/core/media/media.nl?id=18163357&c=4979720&h=xed3aR_MFn4V1a0I9IpZSYeuZLaPkuLlwxB-PY6Tg6m1udcY,Corded Velvet,Velvet,Velvet,Venetian Taupe,999,Merchandise,- None -,6 Series,- None -,- None -
95114,95114,HJ5184,Deep Seat Cover Set: Savanna Corded Velvet,1005 - Sactionals Covers,- None -,HJ5184,2-4 Weeks,,Sactional,Indoor,Cover,Seats,Deep Seat,Quickship,Savanna Corded Velvet,Deep Seat Cover Set: Savanna Corded Velvet,400,T,Sactionals Covers,1005,- None -,- None -,- None -,https://4979720.app.netsuite.com/core/media/media.nl?id=18149656&c=4979720&h=WxXjK87enBTTYTK8ijchbIj1dxq07AGY3EGKYlosT4Tg1TTI,Corded Velvet,Velvet,Velvet,Savanna,999,Merchandise,- None -,6 Series,- None -,- None -
94749,94749,HJ5583,Deep Seat Cover Set: Bisque Etched Chenille,1005 - Sactionals Covers,- None -,HJ5583,4-6 Weeks,,Sactional,Indoor,Cover,Seats,Deep Seat,Quickship,Bisque Etched Chenille,Deep Seat Cover Set: Bisque Etched Chenille,500,T,Sactionals Covers,1005,- None -,- None -,- None -,https://4979720.app.netsuite.com/core/media/media.nl?id=18149628&c=4979720&h=GFAtC2DbSUPbCVl_DY4lTttpsbbZUH7pu7vU4Q5Lg3BI3svv,Etched Chenille,Chenille,Chenille,Bisque,999,Merchandise,- None -,6 Series,- None -,- None -
40137,40137,HJ6760,Deep Seat Cover Set: Charcoal Grey Corded Velvet,1005 - Sactionals Covers,- None -,HJ6760,2-4 Weeks,6/29/2020,Sactional,Indoor,Cover,Seats,Deep Seat,Quickship,Charcoal Grey Corded Velvet,Deep Seat Cover Set: Charcoal Grey Corded Velvet,400,T,Sactionals Covers,1005,- None -,- None -,- None -,https://4979720.app.netsuite.com/core/media/media.nl?id=18163394&c=4979720&h=w5IU9IBQLMOK_oyN5iCG-RgxpZPnawiaQHFKOmTZKt8zO2t2,Corded Velvet,Velvet,Velvet,Charcoal Grey,999,Merchandise,- None -,6 Series,- None -,- None -
47465,47465,HJ8165,Deep Seat Cover Set: Terracotta Rained Chenille,1005 - Sactionals Covers,- None -,HJ8165,10-12 Weeks,10/15/2020,Sactional,Indoor,Cover,Seats,Deep Seat,Quickship,Terracotta Rained Chenille,Deep Seat Cover Set: Terracotta Rained Chenille,325,T,Sactionals Covers,1005,- None -,- None -,- None -,https://4979720.app.netsuite.com/core/media/media.nl?id=18163370&c=4979720&h=IE1lwYoUYxbn10Zxaxtu6jRUNtnjYFCQDvO9lC6Lw4-PNed0,Rained Chenille,Chenille,Chenille,Terracotta,999,Merchandise,- None -,6 Series,- None -,- None -
49782,49782,HJ9201,Deep Seat Cover Set: Jute Brushed Weave,1005 - Sactionals Covers,- None -,HJ9201,4-6 Weeks,2/8/2021,Sactional,Indoor,Cover,Seats,Deep Seat,Quickship,Jute Brushed Weave,Deep Seat Cover Set: Jute Brushed Weave,575,T,Sactionals Covers,1005,- None -,- None -,- None -,https://4979720.app.netsuite.com/core/media/media.nl?id=18163593&c=4979720&h=MTGzz2XYC31U_lnIpBu0uJ7ixPcjJ9arra6YfO4jqG0NIFet,Brushed Weave,Weave,Weave,Jute,999,Merchandise,- None -,6 Series,- None -,- None -
85674,85674,HK2191,Deep Reclining Seat Cover Set: Swiss Diamond Phur / Almond Latticed Velvet,1005 - Sactionals Covers,- None -,HK2191,6-8 Weeks,11/20/2024,Sactional,Indoor,Cover,Seats,Deep Reclining Seat,Quickship,Reversible Swiss Diamond Phur / Almond Latticed Velvet,Deep Reclining Seat Cover Set:Swiss Dia Phur/Almond Lat Vel,750,T,Sactionals Covers,1005,- None -,- None -,- None -,https://4979720.app.netsuite.com/core/media/media.nl?id=18168415&c=4979720&h=nEVpNZLM2r8IQC8ed597NtrfSgB1C4rYj2mqOwhNvZOr1H15,Phur/Latticed Velvet,Reversible,Reversible,Swiss Diamond /Almond Latticed,999,Merchandise,- None -,6 Series,- None -,- None -
94762,94762,HK5018,Deep Reclining Seat Cover Set: Bisque Etched Chenille,1005 - Sactionals Covers,- None -,HK5018,4-6 Weeks,,Sactional,Indoor,Cover,Seats,Deep Reclining Seat,Quickship,Bisque Etched Chenille,Deep Reclining Seat Cover Set: Bisque Etched Chenille,500,T,Sactionals Covers,1005,- None -,- None -,- None -,https://4979720.app.netsuite.com/core/media/media.nl?id=18149649&c=4979720&h=sglh03fCFRwCe-Jf-fBBhp0PffPQpLK4rZ4Z7QkjlxYZIRuy,Etched Chenille,Chenille,Chenille,Bisque,999,Merchandise,- None -,6 Series,- None -,- None -
85605,85605,HK6152,Deep Reclining Seat Cover Set: Jute Brushed Weave,1005 - Sactionals Covers,- None -,HK6152,2-4 Weeks,11/20/2024,Sactional,Indoor,Cover,Seats,Deep Reclining Seat,Quickship,Jute Brushed Weave,Deep Reclining Seat Cover Set: Jute Brushed Weave,575,T,Sactionals Covers,1005,- None -,- None -,- None -,https://4979720.app.netsuite.com/core/media/media.nl?id=18163563&c=4979720&h=ZzwgoOZz8eouKsIzkbL8PLxVm4wYPzhoLqA2eTFqiFCeuDdN,Brushed Weave,Weave,Weave,Jute,999,Merchandise,- None -,6 Series,- None -,- None -
85600,85600,HK6473,Deep Reclining Seat Cover Set: Charcoal Grey Corded Velvet,1005 - Sactionals Covers,- None -,HK6473,4-6 Weeks,11/20/2024,Sactional,Indoor,Cover,Seats,Deep Reclining Seat,Quickship,Charcoal Grey Corded Velvet,Deep Reclining Seat Cover Set: Charcoal Grey Corded Velvet,400,T,Sactionals Covers,1005,- None -,- None -,- None -,https://4979720.app.netsuite.com/core/media/media.nl?id=18163518&c=4979720&h=hLXCdFw1NuCA9pyx6eKUe7xju1cgt1arVi5sTb9OZk8ME7L_,Corded Velvet,Velvet,Velvet,Charcoal Grey,999,Merchandise,- None -,6 Series,- None -,- None -
95127,95127,HK6914,Deep Reclining Seat Cover Set: Savanna Corded Velvet,1005 - Sactionals Covers,- None -,HK6914,2-4 Weeks,,Sactional,Indoor,Cover,Seats,Deep Reclining Seat,Quickship,Savanna Corded Velvet,Deep Reclining Seat Cover Set: Savanna Corded Velvet,400,T,Sactionals Covers,1005,- None -,- None -,- None -,https://4979720.app.netsuite.com/core/media/media.nl?id=18149607&c=4979720&h=h-ZFn9kVmOvU9oZb8kkXpEkV8cKvk1mUtwdNb_D4bkOHmOLA,Corded Velvet,Velvet,Velvet,Savanna,999,Merchandise,- None -,6 Series,- None -,- None -
85619,85619,HK9653,Deep Reclining Seat Cover Set: Venetian Taupe Corded Velvet,1005 - Sactionals Covers,- None -,HK9653,12-14 Weeks,11/20/2024,Sactional,Indoor,Cover,Seats,Deep Reclining Seat,Quickship,Venetian Taupe Corded Velvet,Deep Reclining Seat Cover Set: Venetian Taupe Corded Velvet,400,T,Sactionals Covers,1005,- None -,- None -,- None -,https://4979720.app.netsuite.com/core/media/media.nl?id=18163324&c=4979720&h=uTWIhwbqtMWM-8GGIABV9BfbcOPASzVMYJhNCy25kcsHXaEN,Corded Velvet,Velvet,Velvet,Venetian Taupe,999,Merchandise,- None -,6 Series,- None -,- None -
85610,85610,HK9743,Deep Reclining Seat Cover Set: Sapphire Navy Corded Velvet,1005 - Sactionals Covers,- None -,HK9743,2-4 Weeks,11/20/2024,Sactional,Indoor,Cover,Seats,Deep Reclining Seat,Quickship,Sapphire Navy Corded Velvet,Deep Reclining Seat Cover Set: Sapphire Navy Corded Velvet,400,T,Sactionals Covers,1005,- None -,- None -,- None -,https://4979720.app.netsuite.com/core/media/media.nl?id=18163616&c=4979720&h=9q4DJTz2ctNKHkVQ8h6mM4Q3RSzW1FDj2DwkvWiZV9fLs_X6,Corded Velvet,Velvet,Velvet,Sapphire Navy,999,Merchandise,- None -,6 Series,- None -,- None -
64664,64664,HM0726,Angled Side Cover: Terracotta Rained Chenille,1005 - Sactionals Covers,- None -,HM0726,2-4 Weeks,8/21/2023,Sactional,Indoor,Cover,Sides,Angled Side,Quickship,Terracotta Rained Chenille,Angled Side Cover: Terracotta Rained Chenille,110,T,Sactionals Covers,1005,- None -,- None -,- None -,https://4979720.app.netsuite.com/core/media/media.nl?id=18163432&c=4979720&h=eFAiCZubmTVPzXAexL4hIDIERIZ2_3Ovr5oV6CpFsoejVfam,Rained Chenille,Chenille,Chenille,Terracotta,999,Merchandise,- None -,6 Series,- None -,- None -
94759,94759,HM1688,Deep Angled Side Cover: Bisque Etched Chenille,1005 - Sactionals Covers,- None -,HM1688,2-4 Weeks,,Sactional,Indoor,Cover,Sides,Deep Angled Side,Quickship,Bisque Etched Chenille,Deep Angled Side Cover: Bisque Etched Chenille,175,T,Sactionals Covers,1005,- None -,- None -,- None -,https://4979720.app.netsuite.com/core/media/media.nl?id=18149688&c=4979720&h=ctQKPyb99D2q706SEx-wayyq0L7wsv3DerOlZJSixDowXt9L,Etched Chenille,Chenille,Chenille,Bisque,999,Merchandise,- None -,6 Series,- None -,- None -
64707,64707,HM3761,Deep Angled Side Cover: Jute Brushed Weave,1005 - Sactionals Covers,- None -,HM3761,2-4 Weeks,8/21/2023,Sactional,Indoor,Cover,Sides,Deep Angled Side,Quickship,Jute Brushed Weave,Deep Angled Side Cover: Jute Brushed Weave,195,T,Sactionals Covers,1005,- None -,- None -,- None -,https://4979720.app.netsuite.com/core/media/media.nl?id=18163539&c=4979720&h=2B-RmkdwqbKlkS0B2LysibuvYbzMqGpzEXLh2HFPH4tS4a7b,Brushed Weave,Weave,Weave,Jute,999,Merchandise,- None -,6 Series,- None -,- None -
95123,95123,HM4540,Angled Side Cover: Savanna Corded Velvet,1005 - Sactionals Covers,- None -,HM4540,2-4 Weeks,,Sactional,Indoor,Cover,Sides,Angled Side,Quickship,Savanna Corded Velvet,Angled Side Cover: Savanna Corded Velvet,140,T,Sactionals Covers,1005,- None -,- None -,- None -,https://4979720.app.netsuite.com/core/media/media.nl?id=18149631&c=4979720&h=wrMKe7448IJwQOGBRA_yXdlsB07DUqd5z_6uoz0_Kdj6moDd,Corded Velvet,Velvet,Velvet,Savanna,999,Merchandise,- None -,6 Series,- None -,- None -
64616,64616,HM5450,Angled Side Cover: Amethyst Corded Velvet,1005 - Sactionals Covers,- None -,HM5450,2-4 Weeks,8/21/2023,Sactional,Indoor,Cover,Sides,Angled Side,Quickship,Amethyst Corded Velvet,Angled Side Cover: Amethyst Corded Velvet,140,T,Sactionals Covers,1005,- None -,- None -,- None -,https://4979720.app.netsuite.com/core/media/media.nl?id=18163452&c=4979720&h=a4IhXCc8w5xddptj6SlalCf-TCfEMDHKP3gOCXW_rk2C7c2g,Corded Velvet,Velvet,Velvet,Amethyst,999,Merchandise,- None -,6 Series,- None -,- None -
64635,64635,HM6777,Deep Angled Side Cover: Venetian Taupe Corded Velvet,1005 - Sactionals Covers,- None -,HM6777,2-4 Weeks,8/21/2023,Sactional,Indoor,Cover,Sides,Deep Angled Side,Quickship,Venetian Taupe Corded Velvet,Deep Angled Side Cover: Venetian Taupe Corded Velvet,140,T,Sactionals Covers,1005,- None -,- None -,- None -,https://4979720.app.netsuite.com/core/media/media.nl?id=18163538&c=4979720&h=yzbQGotVvUl3ZEnRgNCoClYVEQ0_IHKifThjuo3AslezxxlR,Corded Velvet,Velvet,Velvet,Venetian Taupe,999,Merchandise,- None -,6 Series,- None -,- None -
64605,64605,HM6864,Deep Angled Side Cover: Charcoal Grey Corded Velvet,1005 - Sactionals Covers,- None -,HM6864,2-4 Weeks,8/21/2023,Sactional,Indoor,Cover,Sides,Deep Angled Side,Quickship,Charcoal Grey Corded Velvet,Deep Angled Side Cover: Charcoal Grey Corded Velvet,140,T,Sactionals Covers,1005,- None -,- None -,- None -,https://4979720.app.netsuite.com/core/media/media.nl?id=18163350&c=4979720&h=ygU92ElyAcZ2hSqeiWZwkm2ntciWfaAh2s0UY0xx7f66NVGX,Corded Velvet,Velvet,Velvet,Charcoal Grey,999,Merchandise,- None -,6 Series,- None -,- None -
95124,95124,HM7697,Deep Angled Side Cover: Savanna Corded Velvet,1005 - Sactionals Covers,- None -,HM7697,2-4 Weeks,,Sactional,Indoor,Cover,Sides,Deep Angled Side,Quickship,Savanna Corded Velvet,Deep Angled Side Cover: Savanna Corded Velvet,140,T,Sactionals Covers,1005,- None -,- None -,- None -,https://4979720.app.netsuite.com/core/media/media.nl?id=18149634&c=4979720&h=xDnJNjYwTKL1wNyGJIo0XlvEFOmpZdIJxBvAuIPbgz7JYtbg,Corded Velvet,Velvet,Velvet,Savanna,999,Merchandise,- None -,6 Series,- None -,- None -
95125,95125,HN3743,Angled Side Pillow Cover: Savanna Corded Velvet,1005 - Sactionals Covers,- None -,HN3743,2-4 Weeks,,Sactional,Indoor,Cover,Seats Components,Angled Side Pillow,Quickship,Savanna Corded Velvet,Angled Side Pillow Cover: Savanna Corded Velvet,110,T,Sactionals Covers,1005,- None -,- None -,- None -,https://4979720.app.netsuite.com/core/media/media.nl?id=18149657&c=4979720&h=bjX--qkyn2KwkvC6kWaN50uJnUdXMw7ZVLFerhAMyACxUnD2,Corded Velvet,Velvet,Velvet,Savanna,999,Merchandise,- None -,6 Series,- None -,- None -
53757,53757,HP0148,Back Pillow Cover: Venetian Taupe Corded Velvet,1005 - Sactionals Covers,- None -,HP0148,2-4 Weeks,9/6/2021,Sactional,Indoor,Cover,Seats Components,Back Pillow,Quickship,Venetian Taupe Corded Velvet,Back Pillow Cover: Venetian Taupe Corded Velvet,140,T,Sactionals Covers,1005,- None -,- None -,- None -,https://4979720.app.netsuite.com/core/media/media.nl?id=18163374&c=4979720&h=pDcj0pZ8s2xqkeVTmZl2SMmGi8Aau8pxgIQEw5a2fuSzAoiw,Corded Velvet,Velvet,Velvet,Venetian Taupe,999,Merchandise,- None -,6 Series,- None -,- None -
94753,94753,HP8260,Back Pillow Cover: Bisque Etched Chenille,1005 - Sactionals Covers,- None -,HP8260,4-6 Weeks,,Sactional,Indoor,Cover,Seats Components,Back Pillow,Quickship,Bisque Etched Chenille,Back Pillow Cover: Bisque Etched Chenille,175,T,Sactionals Covers,1005,- None -,- None -,- None -,https://4979720.app.netsuite.com/core/media/media.nl?id=18149682&c=4979720&h=z5H2d-Ach1FZ3u3NfyOW3l_D7ZaLQJ9rFKTqBOeN2bvZfy1m,Etched Chenille,Chenille,Chenille,Bisque,999,Merchandise,- None -,6 Series,- None -,- None -
40129,40129,HP9915,Back Pillow Cover: Taupe Combed Chenille,1005 - Sactionals Covers,- None -,HP9915,6-8 Weeks,6/29/2020,Sactional,Indoor,Cover,Seats Components,Back Pillow,Quickship,Taupe Combed Chenille,Back Pillow Cover: Taupe Combed Chenille,110,T,Sactionals Covers,1005,- None -,- None -,- None -,https://4979720.app.netsuite.com/core/media/media.nl?id=18163521&c=4979720&h=ColzMIKSs5A4aVpr-5cKdSET8sTzLUh7HGlsFaIMgHgygql3,Combed Chenille,Chenille,Chenille,Taupe,999,Merchandise,- None -,6 Series,- None -,- None -
29102,29102,HR3203,Roll Arm Side Cover: Taupe Combed Chenille,1005 - Sactionals Covers,49627,HR3203,4-6 Weeks,5/27/2018,Sactional,Indoor,Cover,Sides,Roll Arm,Quickship,Taupe Combed Chenille,- None -,110,T,Sactionals Covers,1005,Included,Not Available,- None -,https://4979720.app.netsuite.com/core/media/media.nl?id=18163868&c=4979720&h=BcKeYIlglW3MjdIBqCE5nj9YfrSbdZ0Zmewrrw_hQGJtxldb,Combed Chenille,Chenille,Chenille,Taupe,999,Merchandise,- None -,6 Series,- None -,- None -
94738,94738,HR4211,Roll Arm Side Cover: Moss Etched Chenille,1005 - Sactionals Covers,- None -,HR4211,4-6 Weeks,,Sactional,Indoor,Cover,Sides,Roll Arm,Quickship,Moss Etched Chenille,Roll Arm Side Cover: Moss Etched Chenille,175,T,Sactionals Covers,1005,- None -,- None -,- None -,https://4979720.app.netsuite.com/c.4979720/Images/CoversBatch1CSTMRefresh/C28CBZBMQ_media_1.jpg,Etched Chenille,Chenille,Chenille,Moss,999,Merchandise,- None -,6 Series,- None -,- None -
49790,49790,HR6597,Roll Arm Side Cover: Jute Brushed Weave,1005 - Sactionals Covers,- None -,HR6597,2-4 Weeks,2/8/2021,Sactional,Indoor,Cover,Sides,Roll Arm,Quickship,Jute Brushed Weave,Roll Arm Side Cover: Jute Brushed Weave,195,T,Sactionals Covers,1005,- None -,- None -,- None -,https://4979720.app.netsuite.com/core/media/media.nl?id=18163845&c=4979720&h=L2fi-U0cBjYSoBrhl4vZqbmQ4FwOtciumHUUyJpQMcJbm50s,Brushed Weave,Weave,Weave,Jute,999,Merchandise,- None -,6 Series,- None -,- None -
95122,95122,HR9883,Roll Arm Side Cover: Savanna Corded Velvet,1005 - Sactionals Covers,- None -,HR9883,2-4 Weeks,,Sactional,Indoor,Cover,Sides,Roll Arm,Quickship,Savanna Corded Velvet,Roll Arm Side Cover: Savanna Corded Velvet,140,T,Sactionals Covers,1005,- None -,- None -,- None -,https://4979720.app.netsuite.com/core/media/media.nl?id=18149616&c=4979720&h=rfsiX8UeFqEo1nRAK4EV88eZ6wfKgHn8gMUBaur-MEGx48xO,Corded Velvet,Velvet,Velvet,Savanna,999,Merchandise,- None -,6 Series,- None -,- None -
29113,29113,HT0450,Seat Cover Set: Taupe Combed Chenille,1005 - Sactionals Covers,49639,HT0450,2-4 Weeks,5/27/2018,Sactional,Indoor,Cover,Seats,Seat,Quickship,Taupe Combed Chenille,- None -,325,T,Sactionals Covers,1005,Included,Not Available,- None -,https://4979720.app.netsuite.com/core/media/media.nl?id=18163929&c=4979720&h=E1JakJAvN1vZYBxTNGfIOLafMSy6ikxDjjMPhunqJwRsBp_O,Combed Chenille,Chenille,Chenille,Taupe,999,Merchandise,- None -,6 Series,- None -,- None -
95113,95113,HT7394,Seat Cover Set: Savanna Corded Velvet,1005 - Sactionals Covers,- None -,HT7394,2-4 Weeks,,Sactional,Indoor,Cover,Seats,Seat,Quickship,Savanna Corded Velvet,Seat Cover Set: Savanna Corded Velvet,400,T,Sactionals Covers,1005,- None -,- None -,- None -,https://4979720.app.netsuite.com/core/media/media.nl?id=18149602&c=4979720&h=WyASFmsPzMb4wcNLyPdfE3kGs2X5cdi27fO2Xk38LMu0_iVp,Corded Velvet,Velvet,Velvet,Savanna,999,Merchandise,- None -,6 Series,- None -,- None -
29139,29139,HW9020,Wedge Seat Cover Set: Taupe Combed Chenille,1005 - Sactionals Covers,49674,HW9020,6-8 Weeks,5/27/2018,Sactional,Indoor,Cover,Seats,Wedge Seat,Quickship,Taupe Combed Chenille,- None -,325,T,Sactionals Covers,1005,Included,Not Available,- None -,https://4979720.app.netsuite.com/core/media/media.nl?id=18163895&c=4979720&h=HW-fCwGk9wtB1doRxz-zPbGnPjQYE1-R0vE9m5SgdXIeqqo3,Combed Chenille,Chenille,Chenille,Taupe,999,Merchandise,- None -,6 Series,- None -,- None -
33274,33274,JC0889,Footsac Blanket: Wombat Phur,1007 - Blankets,57810,JC0889,6-8 Weeks,5/23/2020,Accessories,Footsacs,Footsac,Footsac,Footsac,Quickship,Wombat Phur,- None -,200,T,Blankets,1007,- None -,- None -,- None -,https://4979720.app.netsuite.com/core/media/media.nl?id=18163810&c=4979720&h=hrKb3gpxLWoKwaHxcDrKOOsmPDlZD9ENZEfcQsJLjggPTw6C,Wombat Phur,Phur,Phur,Wombat,999,Merchandise,Batting,- None -,- None -,- None -
48759,48759,JC2478,Footsac Blanket: Charcoal Wombat Phur,1007 - Blankets,- None -,JC2478,6-8 Weeks,11/9/2020,Accessories,Footsacs,Footsac,Footsac,Footsac,Quickship,Charcoal Wombat Phur,Footsac Blanket: Charcoal Wombat Phur,200,T,Blankets,1007,- None -,- None -,- None -,https://4979720.app.netsuite.com/core/media/media.nl?id=18163770&c=4979720&h=jq9dgNy6jkccutSsnpW-X5BSk4hnduG2LGSuD8KcR_0rrMnY,Wombat Phur,Phur,Phur,Charcoal,999,Merchandise,Batting,- None -,- None -,- None -
52625,52625,JC2809,Footsac Blanket: Glacier Mink Phur,1007 - Blankets,- None -,JC2809,2-4 Weeks,8/16/2021,Accessories,Footsacs,Footsac,Footsac,Footsac,Quickship,Glacier Mink Phur,Footsac Blanket: Glacier Mink Phur,200,T,Blankets,1007,- None -,- None -,- None -,https://4979720.app.netsuite.com/core/media/media.nl?id=18163877&c=4979720&h=SeuSu1HUk9Q3NNyuKQ5GVCk3QhlpBVdoLZIdEimTXt9U_CYm,Phur,Phur,Phur,Glacier Mink,999,Merchandise,Batting,- None -,- None -,- None -
52616,52616,JC3253,Footsac Blanket: Midnight Mink Phur,1007 - Blankets,- None -,JC3253,6-8 Weeks,8/16/2021,Accessories,Footsacs,Footsac,Footsac,Footsac,Quickship,Midnight Mink Phur,Footsac Blanket: Midnight Mink Phur,200,T,Blankets,1007,- None -,- None -,- None -,https://4979720.app.netsuite.com/core/media/media.nl?id=18163994&c=4979720&h=obmWmUaZ13jI-DjYpxo_RaUtrqi6NX1Q5TdK-_tN3e98epVR,Phur,Phur,Phur,Midnight Mink,999,Merchandise,Batting,- None -,- None -,- None -
48751,48751,JC5704,Footsac Blanket: Bronze Wombat Phur,1007 - Blankets,- None -,JC5704,6-8 Weeks,11/9/2020,Accessories,Footsacs,Footsac,Footsac,Footsac,Quickship,Bronze Wombat Phur,Footsac Blanket: Bronze Wombat Phur,200,T,Blankets,1007,- None -,- None -,- None -,https://4979720.app.netsuite.com/core/media/media.nl?id=18163791&c=4979720&h=03zaEm6D9NSPeAz1DdJAITuZNegqyvJmnxF4IhOQ9MNf8lj7,Wombat Phur,Phur,Phur,Bronze,999,Merchandise,Batting,- None -,- None -,- None -
55070,55070,JC8205,Footsac Blanket: Alpine Swirl Phur,1007 - Blankets,- None -,JC8205,2-4 Weeks,1/10/2021,Accessories,Footsacs,Footsac,Footsac,Footsac,Quickship,Alpine Swirl Phur,Footsac Blanket: Alpine Swirl Phur,150,T,Blankets,1007,- None -,- None -,- None -,https://4979720.app.netsuite.com/core/media/media.nl?id=18163964&c=4979720&h=h_H5ifN9wgppbs5VI-9hhZtGu18XJiLhIrUnuedLsmU83GRx,Swirl Phur,Phur,Phur,Alpine,999,Merchandise,Batting,- None -,- None -,- None -
54663,54663,JC9023,Room for Two Footsac Blanket: Bronze Wombat Phur,1007 - Blankets,- None -,JC9023,2-4 Weeks,9/1/2021,Accessories,Footsacs,Room For Two,Room for Two,Room For Two,Quickship,Bronze Wombat Phur,Room for Two Footsac Blanket: Bronze Wombat Phur,350,T,Blankets,1007,- None -,- None -,- None -,https://4979720.app.netsuite.com/core/media/media.nl?id=18163977&c=4979720&h=7fkq6KLRO0r3GUbpGFGqHLve5J1bVO_90FI1tYrfGOnGio9N,Wombat Phur,Phur,Phur,Bronze,999,Merchandise,- None -,- None -,- None -,- None -
56626,56626,JC9567,Footsac Blanket: Dove Channeled Phur,1007 - Blankets,- None -,JC9567,2-4 Weeks,2/7/2022,Accessories,Footsacs,Footsac,Footsac,Footsac,Quickship,Dove Channeled Phur,Footsac Blanket: Dove Channeled Phur,200,T,Blankets,1007,- None -,- None -,- None -,https://4979720.app.netsuite.com/core/media/media.nl?id=18163960&c=4979720&h=aBfZ3tDoUleqlBlz9i31r39z_HEzJTs5WRGQzlx4Igk1MqBy,Channeled Phur,Phur,Phur,Dove,999,Merchandise,- None -,- None -,- None -,- None -
61525,61525,JR0385,Room for Two Footsac Blanket: Midnight Mink Phur,1007 - Blankets,- None -,JR0385,6-8 Weeks,10/3/2022,Accessories,Footsacs,Room For Two,Room for Two,Room For Two,Quickship,Midnight Mink Phur,Room for Two Footsac Blanket: Midnight Mink Phur,325,T,Blankets,1007,- None -,- None -,- None -,https://4979720.app.netsuite.com/core/media/media.nl?id=18163926&c=4979720&h=bwd0XUsVTw2hVZUxR3Qj9XZL4eE8Q3zhrJWRo8XG-b7HbBYS,Phur,Phur,Phur,Midnight Mink,999,Merchandise,- None -,- None -,- None -,- None -
32761,32761,PT6512,Sactionals L-Shoe: Dark Walnut,1021 - Parts,56969,PT6512,6-8 Weeks,7/18/2019,Sactional,Indoor,Sactional Spare Parts,Hardware,Shoe,Quickship,No Fabric,<p>Sactionals L-Shoe: Dark Walnut</p>,50,T,Parts,1021,- None -,- None -,- None -,https://4979720.app.netsuite.com/core/media/media.nl?id=18164174&c=4979720&h=xK2yHiDYodoBputrbQSCtko89rkyHOdb1mCQnTBaLrE8JsEw,- None -,No Fabric,- None -,PT6512,999,Merchandise,- None -,- None -,- None -,- None -
